"wrestler","n"
"AJ Styles",42
"Adam Cole",42
"Aleister Black",42
"Asuka",42
"Bayley",42
"Becky Lynch",42
"Big E",42
"Bobby Lashley",42
"Brock Lesnar",42
"Bronson Reed",42
"Charlotte Flair",42
"Damian Priest",42
"Dexter Lumis",42
"Drew McIntyre",42
"Edge",42
"Finn Balor",42
"Gunther",42
"Ilja Dragunov",42
"John Cena",42
"Johnny Gargano",42
"Keith Lee",42
"Kevin Owens",42
"Kofi Kingston",42
"Kyle O'Reilly",42
"Liv Morgan",42
"Naomi",42
"Nia Jax",42
"Pete Dunne",42
"Randy Orton",42
"Rhea Ripley",42
"Ricochet",42
"Roderick Strong",42
"Roman Reigns",42
"Sasha Banks",42
"Seth Rollins",42
"Shayna Baszler",42
"Tommaso Ciampa",42
"Velveteen Dream",42
"Walter",42
"Xavier Woods",42
